manchete,subtopico,link,topico,jornal
"

                        OPINI√ÉO. A caixa preta (e o alto custo) das tarifas de transporte do g√°s natural                    
","
 G√°s 
",https://braziljournal.com/opiniao-a-caixa-preta-e-o-alto-custo-das-tarifas-de-transporte-do-gas-natural/,economia,brazil_journal
"

                        OPINI√ÉO. EUA vs. China: o fim do ‚ÄòNew Bretton Woods‚Äô?                    
","

                                    Mercado de ideias 
                                
",https://braziljournal.com/opiniao-eua-vs-china-o-fim-do-new-bretton-woods/,economia,brazil_journal
"

‚ÄúUm mercado emergente problem√°tico‚Äù: Caos de Trump implode os Treasuries                    
","

                                    EUA 
                                
",https://braziljournal.com/um-mercado-emergente-problematico-caos-de-trump-implode-os-treasuries/,economia,brazil_journal
"

                        Wall Street teme a recess√£o. Trump diz que n√£o √© hora de ‚Äòpanicar‚Äô                    
","

                                    EUA 
                                
",https://braziljournal.com/wall-street-teme-a-recessao-trump-diz-que-nao-e-hora-de-panicar/,economia,brazil_journal
"

                            Casa Branca persegue escrit√≥rios vistos como ‚Äòinimigos‚Äô por Trump                        
",Advogados,https://braziljournal.com/casa-branca-persegue-escritorios-vistos-como-inimigos-por-trump/,economia,brazil_journal
"

                            Tarifa√ßo de Trump: o tamanho do estrago                        
",EUA,https://braziljournal.com/tarifaco-de-trump-o-tamanho-do-estrago/,economia,brazil_journal
"

                        A nova aposta do fundador da Clearsale                    
","
 Startups 
",https://braziljournal.com/a-nova-aposta-do-fundador-da-clearsale/,tech,brazil_journal
"

                        ‚ÄòVirou Brasil‚Äô: iPhone Pro Max poder√° custar US$ 2.300 nos EUA                    
","

                                    Apple 
                                
",https://braziljournal.com/virou-brasil-iphone-pro-max-podera-custar-us-2-300-nos-eua/,tech,brazil_journal
"

                        OpenAI conclui rodada recorde e ‚Äòvaluation‚Äô vai a US$ 300 bi                    
","

                                    Intelig√™ncia Artificial 
                                
",https://braziljournal.com/openai-conclui-rodada-recorde-e-valuation-vai-a-us-300-bi/,tech,brazil_journal
"

                        IPO da CoreWeave, a startup de nuvem para IA, sai abaixo do esperado                      
","

                                    Intelig√™ncia Artificial 
                                
",https://braziljournal.com/ipo-da-coreweave-a-startup-de-nuvem-para-ia-sai-abaixo-do-esperado/,tech,brazil_journal
"

                            GM se une √† Nvidia para projetar carros aut√¥nomos                        
",Intelig√™ncia Artificial,https://braziljournal.com/gm-se-une-a-nvidia-para-projetar-carros-autonomos/,tech,brazil_journal
"

                            Google faz sua maior aquisi√ß√£o: US$ 32 bi por uma startup de ‚Äòcloud security‚Äô                        
",Data centers,https://braziljournal.com/google-faz-sua-maior-aquisicao-us-32-bi-por-uma-startup-de-cloud-security/,tech,brazil_journal
China aumenta tarifas sobre os EUA de 84% para 125%,Retalia√ß√£o a Trump,https://g1.globo.com/economia/noticia/2025/04/11/guerra-comercial-china-tarifas-produtos-dos-eua.ghtml,economia,g1
Tarifa√ßo de Trump provoca boicote internacional a produtos dos EUA,üóΩüá∫üá∏‚ùå,https://g1.globo.com/economia/noticia/2025/04/11/tarifaco-de-trump-provoca-boicote-internacional-a-produtos-dos-eua.ghtml,economia,g1
"Tarifa√ßo √© desafio para consumo da China, que patina h√° duas d√©cadas",Motor desaquecido,https://g1.globo.com/economia/noticia/2025/04/11/tarifaco-e-novo-desafio-para-o-consumo-interno-da-china-que-patina-ha-duas-decadas-entenda.ghtml,economia,g1
Trump diz que pol√≠tica tarif√°ria est√° 'indo muito bem' e √© 'animadora' para o mundo todo,Economia,https://g1.globo.com/economia/noticia/2025/04/11/trump-diz-que-politica-tarifaria-esta-indo-muito-bem-e-e-animadora-para-o-mundo-todo.ghtml,economia,g1
Informa√ß√µes adicionais das reportagens do dia 13/04/2025,Economia,https://g1.globo.com/economia/agronegocios/globo-rural/noticia/2025/04/11/informacoes-adicionais-das-reportagens-do-dia-13042025.ghtml,economia,g1
"√çndice de confian√ßa da ind√∫stria cai ao menor patamar em quase cinco anos, mostra pesquisa da CNI",Economia,https://g1.globo.com/economia/noticia/2025/04/11/indice-de-confianca-da-industria-cai-ao-menor-patamar-em-quase-cinco-anos-mostra-pesquisa-da-cni.ghtml,economia,g1
"
'Para eles, as mulheres s√£o o problema‚Äô: o que √© incel, submundo mis√≥gino que se espalha na internet ",Economia,https://g1.globo.com/tecnologia/noticia/2025/04/11/para-eles-as-mulheres-sao-o-problema-o-que-e-incel-submundo-misogino-que-se-espalha-na-internet.ghtml,tech,g1
Samsung anuncia celular de entrada com 5G a R$ 1.099,Economia,https://g1.globo.com/tecnologia/noticia/2025/04/10/samsung-anuncia-celular-de-entrada-com-5g-a-r-1099.ghtml,tech,g1
"Apple usou 6 avi√µes para levar 1,5 milh√£o de iPhones aos EUA e escapar de tarifa√ßo, diz ag√™ncia",Economia,https://g1.globo.com/tecnologia/noticia/2025/04/10/apple-transportou-15-milhao-de-iphones-da-india-para-os-eua-para-se-prevenir-de-tarifaco-diz-agencia.ghtml,tech,g1
"
Hackers deixam Coreia do Norte bilion√°ria com criptomoedas",Economia,https://g1.globo.com/tecnologia/noticia/2025/04/10/hackers-deixam-coreia-do-norte-bilionaria-com-criptomoedas.ghtml,tech,g1
O que fazer no WhatsApp para liberar espa√ßo no celular,Economia,https://g1.globo.com/tecnologia/noticia/2025/04/10/o-que-fazer-no-whatsapp-para-liberar-espaco-no-celular.ghtml,tech,g1
,,,,
D√≥lar cai e Ibovespa sobe em meio a guerra tarif√°ria entre EUA e China; bolsas de NY avan√ßam,Ao vivo,https://valor.globo.com/financas/ao-vivo/2023/06/16/dolar-avanca-e-ibovespa-recua-em-dia-de-correcao-siga-os-mercados.ghtml,economia,valor_economico
D√≥lar no exterior cai para m√≠nima de tr√™s anos com desconfian√ßa do mercado na moeda,Mercados,https://valor.globo.com/financas/noticia/2025/04/11/guerra-tarifaria-de-trump-abala-confianca-dos-investidores-no-dolar.ghtml,economia,valor_economico
"No caso Infinity, opera√ß√µes de cr√©dito repetitivas e sem garantia",Imbr√≥glio,https://valor.globo.com/financas/noticia/2025/04/11/no-caso-infinity-operacoes-de-credito-repetitivas-e-sem-garantia.ghtml,economia,valor_economico
"BRB n√£o ficar√° com toda a carteira do Master, diz presidente",Apura√ß√£o,https://valor.globo.com/financas/noticia/2025/04/10/parte-da-carteira-de-credito-do-master-que-nao-tenha-garantia-nao-ficara-com-o-brb-diz-presidente.ghtml,economia,valor_economico
Goldenstein deixa Warren Rena; plataforma corta 40 ,Reestrutura√ß√£o,https://valor.globo.com/financas/noticia/2025/04/10/goldenstein-deixa-warren-rena-plataforma-corta-40-funcionrios.ghtml,economia,valor_economico
Fundos de pens√£o reivindicam mudan√ßa em regras,Puni√ß√£o a gestores,https://valor.globo.com/financas/noticia/2025/04/10/fundos-de-penso-reivindicam-casa-civil-mudana-nas-regras-de-punio-a-gestores.ghtml,economia,valor_economico
Ind√∫stria teme ‚Äòefeito colateral‚Äô das tarifas dos Estados Unidos,Conjuntura,https://valor.globo.com/empresas/noticia/2025/04/11/industria-teme-efeito-colateral-das-tarifas-dos-eua.ghtml,tech,valor_economico
"Exclusivo: INB busca parceiros para explorar minas de ur√¢nio no Paran√°, Goi√°s e Para√≠ba",Minera√ß√£o,https://valor.globo.com/empresas/noticia/2025/04/10/inb-busca-parceiros-para-explorar-minas-de-uranio-no-parana-goias-e-paraiba.ghtml,tech,valor_economico
"Prada paga US$ 1,38 bi pela Versace, com desconto de US$ 200 milh√µes",Luxo,https://valor.globo.com/empresas/noticia/2025/04/11/prada-paga-us-138-bi-pela-versace-com-desconto-de-us-200-milhoes.ghtml,tech,valor_economico
EMS n√£o poder√° exercer direitos pol√≠ticos at√© decis√£o final do Cade,Caso Hypera,https://valor.globo.com/empresas/noticia/2025/04/10/ems-nao-podera-exercer-direitos-politicos-na-hypera-ate-decisao-final-do-cade.ghtml,tech,valor_economico
Franc√™s Allard acusa s√≥cios chineses de espionagem,Cidade Matarazzo,https://valor.globo.com/empresas/versus/post/2025/04/em-briga-por-controle-do-cidade-matarazzo-frances-allard-acusa-socios-chineses-de-espionagem.ghtml,tech,valor_economico
Doen√ßas circulat√≥rias entram no foco das farmas,Sa√∫de,https://valor.globo.com/empresas/noticia/2025/04/11/doencas-circulatorias-entram-no-foco-das-farmas.ghtml,tech,valor_economico
,,,,
,,,,
,,,,
,,,,
,,,,
,,,,
,,,,
,,,,
,,,,
,,,,
,,,,
,,,,
,,,,
,,,,
,,,,
,,,,
,,,,
,,,,
,,,,
,,,,
,,,,
,,,,
,,,,
,,,,
,,,,
,,,,
,,,,
,,,,
,,,,
,,,,
,,,,
,,,,
,,,,
,,,,
,,,,
,,,,
US risky debt funds hit by historic outflows as Trump‚Äôs tariffs shake markets,Capital markets,https://www.ft.com/content/b7c14ea6-9df6-47ce-9068-ad15542a813f,economia,ft
Dollar and Treasuries sell off as Trump‚Äôs China tariffs spook investors,Trump tariffs,https://www.ft.com/content/4dff2bf4-fa89-4dc9-bfb5-3eb99be03435,economia,ft
Larry Fink points to clients‚Äô anxiety about markets as BlackRock inflows slow,BlackRock Inc,https://www.ft.com/content/5e51aafa-df4a-4ff9-8188-05c5b3925622,economia,ft
Shein wins nod from UK regulators for London IPO,Shein,https://www.ft.com/content/72cb3219-b0a0-40a2-9008-97050bb184f6,economia,ft
The US would be better off without the global dollar,Michael Pettis,https://www.ft.com/content/a3fb6b82-4a51-4a5c-b831-f755518f5863,economia,ft
The Trump tariff crisis is not over yet,Robert Armstrong,https://www.ft.com/content/9e3b416e-7306-457b-8303-aea4c3c81155,economia,ft
OpenAI slashes AI model safety testing time,OpenAI,https://www.ft.com/content/8253b66e-ade7-4d1f-993b-2d0779c7e7d8,tech,ft
Apple turns to India to help ease Trump‚Äôs China tariffs,Apple Inc,https://www.ft.com/content/5c4b2bc9-f0ac-46f3-a93b-cfa6273428f9,tech,ft
UK AI start-up Wayve clinches first carmaker deal with Nissan,Wayve,https://www.ft.com/content/14d012e3-6a47-455f-b533-57c8e2f08a16,tech,ft
Musk‚Äôs Starlink in new spat over access to Canada subsidies ,Space Exploration Technologies Corp,https://www.ft.com/content/c58b6633-8b64-4b79-b35b-d00f380b5c3a,tech,ft
"EU could tax Big Tech if Trump trade talks fail, says von der Leyen   ",EU trade,https://www.ft.com/content/fba18bd9-46f9-4736-89f3-976afe3abf7a,tech,ft
China gains dexterous upper hand in humanoid robot tussle with US,Robotics,https://www.ft.com/content/4ebac441-d5a8-4c6a-950c-a160274d389b,tech,ft
Why holiday rentals are winning the battle for Europe‚Äôs city centres,The Big Read,https://www.ft.com/content/67f63a8d-e416-4b1d-9c9f-5e7d9e52dd65,deep_dive,ft
The rule change that could blow open US law,The Big Read,https://www.ft.com/content/8efd4534-2569-4c96-a1a4-3982007da62d,deep_dive,ft
Can Nintendo‚Äôs Switch 2 revive a stagnant gaming industry?,The Big Read,https://www.ft.com/content/316d582f-6d7a-4432-a702-be3de4a70c7d,deep_dive,ft
How to restore trust in doctors in an age of misinformation,The Big Read,https://www.ft.com/content/2c38694e-f83a-43a4-b41a-a51137e59d52,deep_dive,ft
Trump‚Äôs aggressive push to roll back globalisation,The Big Read,https://www.ft.com/content/ed994477-a23a-4f48-9019-917b5dc51041,deep_dive,ft
Will Modi risk redrawing India‚Äôs electoral map?,The Big Read,https://www.ft.com/content/706d222c-6b50-4eb2-b8ec-5d932133063d,deep_dive,ft
